job_id,task_index,queue_delay,service_time,cpu_req,mem_req,priority,latency_ms,sample_order
6259567948,1759,42.943736,,0.0625,0.0318,1,0.0,0
6259311320,452,44.785149,72.942849,0.0625,0.0318,4,0.0,1
6260520411,1737,11.050938,,0.009064,0.04773,4,0.0,2
6255532702,600,4.477431,,0.06873,0.01193,0,0.0,3
5633031188,614,29.078364,,0.03748,0.01605,2,0.0,4
6254984728,1183,39.549053,,0.0625,0.1228,2,0.0,5
6258266572,241,34.571621,301.231984,0.02499,0.02545,4,0.0,6
6258344025,1622,43.571919,-1315.21486,0.02499,0.07959,4,0.0,7
6256895398,3,0.998085,353.710604,0.0125,0.006187,6,0.0,8
6255435217,83,1.12562,166.080991,0.006248,0.03864,2,0.0,9
6257010864,392,1.833789,,0.03125,0.009323,4,0.0,10
6221861800,2297,8.935129,,0.0125,0.0159,0,0.0,11
6255080239,649,41.630124,2098.190537,0.0625,0.0318,1,0.0,12
6238340468,740,567.054921,,0.0625,0.03961,0,0.0,13
6256870832,322,4.681875,,0.0625,0.0318,4,0.0,14
6255441089,558,2.109684,282.256359,0.02499,0.02454,2,0.0,15
6260298560,639,33.215174,-161.993773,0.0625,0.0318,4,0.0,16
6258250286,62,5.660198,495.650915,0.02499,0.03339,4,0.0,17
6256394077,1672,41.266222,,0.009079,0.04773,4,0.0,18
6257094976,95,1.715332,,0.0125,0.01251,0,0.0,19
6260389540,146,13.169227,,0.006248,0.007179,2,0.0,20
6221861800,9179,1.666364,,0.0125,0.0159,0,0.0,21
6259225956,406,7.034916,-207.908445,0.02499,0.02545,4,0.0,22
6256766261,2058,50.250419,813.925132,0.009369,0.04773,4,0.0,23
6259753510,81,4.703283,,0.03125,0.008621,4,0.0,24
6256394077,2083,47.225524,859.06768,0.009079,0.04773,4,0.0,25
6255151877,1273,45.404588,814.187335,0.02499,0.0318,2,0.0,26
6255794204,45,3.857861,205.631303,0.09998,0.02069,4,0.0,27
6255082336,563,3.677748,769.795591,0.009369,0.004929,2,0.0,28
6256303344,649,-4970.711264,,0.0625,0.03107,4,0.0,29
6260520411,1056,11.041082,,0.009064,0.04773,4,0.0,30
6256297705,15,1.729774,,0.0625,0.0159,4,0.0,31
6258931817,83,41.83455,,0.0625,0.0159,4,0.0,32
6257618996,11,2.585825,410.827437,0.03125,0.03662,0,0.0,33
6258077363,918,-1440.424956,140.410611,0.125,0.0318,4,0.0,34
6238340468,1945,-443.055809,,0.0625,0.03961,0,0.0,35
6258041270,72,24.545799,283.226752,0.0625,0.0159,4,0.0,36
6238839290,184,1.995501,,0.03125,0.02795,9,0.0,37
6221861800,11530,180.195565,,0.0125,0.0159,0,0.0,38
6257496317,1494,32.067234,731.635268,0.0625,0.0159,4,0.0,39
6258344025,752,42.12356,-1904.833242,0.02499,0.07959,4,0.0,40
6255602063,126,2.265895,30.904427,0.09998,0.02069,4,0.0,41
6259341259,197,6.681788,,0.0625,0.0318,4,0.0,42
6259423366,885,8.137878,148.02561,0.0625,0.0318,4,0.0,43
6258002219,596,35.911249,277.787225,0.02499,0.03339,4,0.0,44
6256249393,55,1.652412,124.485812,0.009369,0.007408,0,0.0,45
6255581548,10,0.875446,,0.04999,0.006104,8,0.0,46
6257104859,680,40.936195,,0.0625,0.03107,4,0.0,47
6255411069,261,4.42166,,0.0625,0.1228,2,0.0,48
6256810996,306,5.987749,,0.03125,0.1272,9,0.0,49
6257370856,43,5.068117,87.917752,0.0625,0.03107,4,0.0,50
6256951839,8,1.652274,305.168652,0.0125,0.01028,0,0.0,51
6256413498,171,36.144083,,0.0625,0.0159,4,0.0,52
6257587945,262,4.016998,,0.0625,0.03107,4,0.0,53
6255313427,16,1.906938,151.492278,0.0125,0.002533,0,0.0,54
6256734086,1169,300.218294,,0.02249,0.0575,0,0.0,55
5912313637,94,5.82576,,0.03125,0.006836,0,0.0,56
6258328788,840,33.518405,-1455.374116,0.02499,0.02545,4,0.0,57
6255441089,213,2.105028,248.94566,0.02499,0.02454,2,0.0,58
6255735278,3467,2142.408305,,0.0625,0.1228,4,0.0,59
6257372544,80,1.961217,596.513908,0.0125,0.01129,0,0.0,60
6257739890,1637,56.425944,51.433448,0.02499,0.01736,4,0.0,61
6221861800,3243,7.526135,,0.0125,0.0159,0,0.0,62
6258763286,887,41.613536,54.974615,0.02499,0.03339,4,0.0,63
6238842343,22,4.122167,,0.03125,0.02795,9,0.0,64
6255967760,342,-4532.573246,675.596179,0.05103,0.03918,4,0.0,65
6256732043,188,3.027694,,0.02563,0.0575,0,0.0,66
6256272573,319,25.54889,,0.0625,0.0159,4,0.0,67
6238340468,1155,-462.096043,,0.0625,0.03961,0,0.0,68
6257431378,28,1.635164,96.679021,0.008194,0.004227,0,0.0,69
6258162209,31,-2841.135251,614.327559,0.02499,0.02545,4,0.0,70
6257922510,0,2.303947,79.084266,0.006248,0.003109,4,0.0,71
6255136372,739,1.799148,291.198559,0.02499,0.02545,2,0.0,72
6256163373,3,1.590409,245.895837,0.0125,0.002129,0,0.0,73
6255483641,109,2.335359,290.227237,0.02499,0.01057,2,0.0,74
6257075209,171,4.692988,,0.0625,0.0159,4,0.0,75
6257745186,1016,40.937246,283.574363,0.02499,0.02121,4,0.0,76
6257149271,42,2.885588,229.477664,0.0625,0.0159,4,0.0,77
6258509145,30,2.235237,81.695543,0.006248,0.01553,4,0.0,78
6258460889,11,14.256739,267.62552,0.006248,0.001554,0,0.0,79
6260520411,2226,11.056741,,0.009064,0.04773,4,0.0,80
6258311342,99,2.001786,,0.02505,0.02704,4,0.0,81
6221861800,15154,-137.661619,,0.0125,0.0159,0,0.0,82
6258512185,503,33.592188,655.756179,0.02499,0.03339,4,0.0,83
6255298403,1660,3.040513,273.017704,0.02499,0.02545,2,0.0,84
6257669344,2727,6.473315,,0.0,0.003109,0,0.0,85
6258328788,1068,27.571799,-1288.035769,0.02499,0.02545,4,0.0,86
6257217512,0,1.674938,,0.0125,0.001972,0,0.0,87
6257428885,17,2.660183,154.240276,0.03583,0.04816,4,0.0,88
6257655536,827,4.61719,,0.02249,0.0575,0,0.0,89
6221861800,7581,78.127675,,0.0125,0.0159,0,0.0,90
6255624439,18,2.057507,69.069675,0.009369,0.00399,0,0.0,91
6260390532,35,13.175648,,0.006248,0.007179,2,0.0,92
6255151877,3315,47.159411,,0.02499,0.0318,2,0.0,93
6255281729,136,3.084627,,0.05627,0.007767,0,0.0,94
6255349259,363,2.222534,171.218842,0.0125,0.01088,0,0.0,95
6256763885,886,5.811016,1124.413949,0.01375,0.02332,4,0.0,96
6258267892,271,28.750513,558.536829,0.02499,0.03339,4,0.0,97
6260520411,1270,11.044337,,0.009064,0.04773,4,0.0,98
6256383979,140,8.503292,,0.03125,0.003109,0,0.0,99
6257882958,1906,47.513376,,0.0625,0.0318,4,0.0,100
6258360756,0,2.548254,-1927.594252,0.0625,0.003109,8,0.0,101
6258761856,16,28.947908,84.660179,0.0625,0.0318,4,0.0,102
6255518147,1596,3.357141,-883.202044,0.009369,0.0159,0,0.0,103
6256604223,1233,4.03887,-1957.926944,0.009369,0.0159,0,0.0,104
6257247154,262,1.815564,-3088.495881,0.0125,0.008606,4,0.0,105
6259152645,479,8.124157,-120.05536,0.007507,0.002487,4,0.0,106
6256763144,74,5.796997,1200.463905,0.01375,0.02332,4,0.0,107
6260704659,1129,11.346752,,0.03125,0.007767,6,0.0,108
6256704150,0,1.989103,,0.006248,0.01166,0,0.0,109
6255844009,1461,85.853933,,0.02249,0.0575,0,0.0,110
6257496317,746,37.213442,744.101128,0.0625,0.0159,4,0.0,111
6257587945,988,4.035011,,0.0625,0.03107,4,0.0,112
6255150601,766,3.364886,440.560094,0.02499,0.01706,2,0.0,113
6255494079,438,3.298997,,0.009369,0.0159,0,0.0,114
6238340468,885,-355.645197,,0.0625,0.03961,0,0.0,115
6256394077,2318,39.072482,949.424965,0.009079,0.04773,4,0.0,116
6259689627,97,3.720973,,0.0625,0.0159,4,0.0,117
6257140131,103,4.021119,377.59945,0.006248,0.01076,4,0.0,118
6257669344,169,6.442727,,0.0,0.003109,0,0.0,119
6257812637,101,5.224218,-234.132473,0.02499,0.03339,4,0.0,120
6257371936,220,20.02272,239.223129,0.03125,0.007767,4,0.0,121
6260631815,82,18.587639,,0.0625,0.0318,4,0.0,122
6260298560,989,44.194047,112.240503,0.0625,0.0318,4,0.0,123
6257725863,486,-4576.729658,2561.938196,0.02499,0.02545,4,0.0,124
6255636443,1134,3.274381,-561.294706,0.02655,0.01865,4,0.0,125
6258156550,609,33.537602,-2120.178775,0.02499,0.02545,4,0.0,126
6259225956,504,7.036519,-217.38612,0.02499,0.02545,4,0.0,127
6255844009,327,3.41142,,0.02249,0.0575,0,0.0,128
6257208694,142,790.166048,,0.0625,0.0318,0,0.0,129
6260387260,157,13.568344,,0.006248,0.007767,2,0.0,130
6256303344,62,33.484083,,0.0625,0.03107,4,0.0,131
6258581728,48,42.194501,,0.0625,0.0318,4,0.0,132
6255532470,64,0.921964,1428.985206,0.03125,0.009323,4,0.0,133
6255710324,792,11.330923,925.454521,0.0625,0.0318,1,0.0,134
6256014611,3067,42.639174,,0.0125,0.02457,1,0.0,135
6259748281,352,59.879222,,0.0625,0.0318,4,0.0,136
6255315149,92,5.924523,206.827829,0.006248,0.01102,2,0.0,137
6258285331,75,1.808631,198.674066,0.03259,0.002998,0,0.0,138
6256766261,1885,28.902358,851.028312,0.009369,0.04773,4,0.0,139
6256766261,517,9.101573,963.034072,0.009369,0.04773,4,0.0,140
6260210453,169,45.767041,-166.529455,0.0625,0.0318,4,0.0,141
6257428885,26,2.66036,1808.17306,0.03583,0.04816,4,0.0,142
6259680424,827,6.247191,-136.429021,0.02499,0.03339,4,0.0,143
6256200906,5,1.650478,,0.0125,0.004333,0,0.0,144
6255779476,43,1.618232,,0.006248,0.01553,4,0.0,145
6255995254,560,2.8622,,0.0125,0.0318,0,0.0,146
6235196851,23,1.534582,,0.009369,0.006218,0,0.0,147
6257291575,40,1.088171,387.98992,0.0125,0.004662,4,0.0,148
6258867976,98,2.775301,,0.0125,0.0636,4,0.0,149
6256158885,34,1.560664,283.070926,0.009369,0.007462,0,0.0,150
6255880424,79,5.215658,257.784536,0.006248,0.01094,4,0.0,151
6259192675,220,38.594457,75.02113,0.0625,0.0318,4,0.0,152
6256549034,89,27.073302,,0.0625,0.0636,4,0.0,153
6260518313,161,11.793303,,0.02637,0.009323,4,0.0,154
6256226079,42,1.854374,405.979728,0.0625,0.006218,4,0.0,155
6255995254,162,2.856146,,0.0125,0.0318,0,0.0,156
6255240643,322,6.613834,-71.031312,0.009369,0.004913,2,0.0,157
6256734086,1063,222.45572,,0.02249,0.0575,0,0.0,158
6260662213,371,38.225377,,0.0625,0.0318,4,0.0,159
6255846508,150,2.294806,433.873094,0.006248,0.01094,4,0.0,160
6255861470,38,1.052242,421.552178,0.006248,0.01094,4,0.0,161
6255621523,19,1.595722,191.024276,0.0125,0.01546,0,0.0,162
6255261756,1000,2.784019,-550.884065,0.02499,0.02545,2,0.0,163
6256694696,119,1.979873,312.660417,0.03125,0.007767,4,0.0,164
6256339481,119,27.436221,,0.0625,0.0159,4,0.0,165
6257743521,51,38.679199,991.926432,0.02499,0.02426,4,0.0,166
6257016454,34,1.835614,89.046291,0.006248,0.004105,0,0.0,167
6258309159,22,1.760511,,0.04999,0.006104,8,0.0,168
6255411069,2227,684.777471,,0.0625,0.1228,2,0.0,169
6258142523,142,43.417392,-2772.054692,0.02499,0.02545,4,0.0,170
6252901355,120,1.760304,-476.599375,0.03748,0.03119,0,0.0,171
6256763144,208,5.799738,3034.991713,0.01375,0.02332,4,0.0,172
6258156550,836,-2804.498188,,0.02499,0.02545,4,0.0,173
6255472233,444,3.842664,120.982843,0.09998,0.02069,2,0.0,174
6259818974,458,8.273103,-107.69144,0.02499,0.03339,4,0.0,175
6255014264,28,1.792931,282.537507,0.006248,0.001554,0,0.0,176
6257825545,523,34.903637,2315.269084,0.02499,0.07959,4,0.0,177
6256732043,272,3.028747,,0.02563,0.0575,0,0.0,178
6255239187,735,6.599672,46.421338,0.009369,0.004913,2,0.0,179
6260518313,544,11.800269,,0.02637,0.009323,4,0.0,180
5402488769,3236,-658.447575,,0.0006247,0.003883,0,0.0,181
6255082291,1,3.661686,588.200738,0.0625,0.02704,2,0.0,182
6260342039,889,-235.929049,,0.0625,0.0318,4,0.0,183
6256958524,116,1.691201,207.6183,0.009369,0.01877,0,0.0,184
6255353498,2,1.538755,402.245869,0.0125,0.01553,0,0.0,185
6259846143,640,9.009855,-214.588852,0.0625,0.0318,4,0.0,186
6257861930,384,34.055125,636.297959,0.02499,0.03339,4,0.0,187
6260707082,540,-292.130639,,0.03125,0.007767,6,0.0,188
6257506517,447,29.657667,97.467334,0.0625,0.03107,4,0.0,189
6259903922,436,34.821057,,0.0625,0.0318,4,0.0,190
6258136112,964,23.43348,-2509.647286,0.02499,0.03339,4,0.0,191
6260078817,459,29.524628,94.266531,0.0625,0.0318,4,0.0,192
6256453051,338,45.131372,,0.0625,0.03107,4,0.0,193
6258380499,537,33.512592,276.078262,0.0625,0.0318,1,0.0,194
6238340468,1308,-1844.672867,,0.0625,0.03961,0,0.0,195
6258136112,564,29.856956,-2113.545152,0.02499,0.03339,4,0.0,196
6257106263,7,8.90008,130.927005,0.0625,0.0159,4,0.0,197
6260056146,663,7.454571,292.013261,0.0625,0.0318,4,0.0,198
6259388498,72,7.538138,,0.0625,0.0636,4,0.0,199
6255314450,75,2.315582,281.182993,0.006248,0.01102,2,0.0,200
6259103867,410,-536.921661,178.970164,0.0625,0.0318,4,0.0,201
6254984728,2182,744.994329,,0.0625,0.1228,2,0.0,202
6257745186,542,55.309507,-41.764908,0.02499,0.02121,4,0.0,203
6221861800,8786,744.664789,,0.0125,0.0159,0,0.0,204
6257669344,4457,6.49197,,0.0,0.003109,0,0.0,205
6255411069,322,4.422356,,0.0625,0.1228,2,0.0,206
6256680550,633,-2551.299851,212.23318,0.03125,0.03662,0,0.0,207
6255552396,477,0.861673,,0.03125,0.007767,4,0.0,208
6257607397,429,30.46215,,0.0625,0.03107,4,0.0,209
6259903922,945,28.89918,,0.0625,0.0318,4,0.0,210
6255705494,1,1.560184,-1220.464445,0.0125,0.0123,0,0.0,211
6256303344,742,-4970.708463,,0.0625,0.03107,4,0.0,212
6256549718,18,0.872018,,0.03125,0.009323,4,0.0,213
6257882958,60,40.691265,,0.0625,0.0318,4,0.0,214
6256434988,98,3.219842,564.044046,0.0125,0.0318,4,0.0,215
6254639538,1422,24.057462,-417.235786,0.0625,0.0318,1,0.0,216
6255494079,257,3.295737,,0.009369,0.0159,0,0.0,217
6257698892,86,29.513036,-3656.42595,0.0625,0.1113,4,0.0,218
6258325740,954,27.367902,-1439.75567,0.02499,0.03339,4,0.0,219
6259114625,0,-463.256756,,0.0125,0.004646,0,0.0,220
6258238161,14,2.047372,912.665913,0.02731,0.02704,4,0.0,221
6254984728,2166,730.987615,,0.0625,0.1228,2,0.0,222
6238340468,1460,216.231164,,0.0625,0.03961,0,0.0,223
6257438304,160,3.848623,,0.03284,0.002953,0,0.0,224
6255678539,0,3.633338,641.018302,0.04688,0.0636,9,0.0,225
5402488769,2260,6.047775,,0.0006247,0.003883,0,0.0,226
6257076546,147,2.830661,68.152588,0.009369,0.004005,0,0.0,227
6260152260,406,7.825381,-310.97618,0.006523,0.002487,4,0.0,228
6259311320,749,38.3745,74.685159,0.0625,0.0318,4,0.0,229
6256828882,42,2.988654,,0.02563,0.0575,0,0.0,230
6257018086,17,3.486534,212.423586,0.0125,0.002068,0,0.0,231
6255494079,1583,3.320144,,0.009369,0.0159,0,0.0,232
6256014611,3911,46.654767,,0.0125,0.02457,1,0.0,233
6255984207,20,0.917171,-161.156294,0.0125,0.004662,4,0.0,234
6258567817,686,43.640101,-1511.229003,0.02499,0.03339,4,0.0,235
5499403765,56,6.682128,,0.006248,0.0001554,0,0.0,236
6257028945,16,11.331451,272.865936,0.006248,0.001554,0,0.0,237
6260298560,384,67.161007,,0.0625,0.0318,4,0.0,238
6257019119,4,2.947728,,0.0125,0.004662,4,0.0,239
6255411069,2887,2110.005956,,0.0625,0.1228,2,0.0,240
6256394077,189,6.021459,,0.009079,0.04773,4,0.0,241
6259680424,211,6.236003,-204.465131,0.02499,0.03339,4,0.0,242
6257264867,1971,43.670124,,0.0625,0.0318,1,0.0,243
6256182916,97,1.887184,593.831762,0.0125,0.0139,0,0.0,244
6257436622,169,1.722469,166.540495,0.006248,0.004105,0,0.0,245
6258335080,37,2.155401,,0.0125,0.004662,4,0.0,246
6255359749,726,1.706267,268.541865,0.02499,0.02332,2,0.0,247
6255967760,353,3.524826,-3447.971724,0.05103,0.03918,4,0.0,248
6260390532,150,13.178133,,0.006248,0.007179,2,0.0,249
6257208694,231,910.68737,,0.0625,0.0318,0,0.0,250
6255636443,425,3.261639,-550.126523,0.02655,0.01865,4,0.0,251
6176871439,2139,2.140602,,0.01874,0.003887,1,0.0,252
6258179646,232,48.287939,,0.03125,0.06335,1,0.0,253
6255967760,5,3.514643,-3428.156519,0.05103,0.03918,4,0.0,254
6257607397,339,5.149141,288.017185,0.0625,0.03107,4,0.0,255
6260152260,402,7.825311,-284.934304,0.006523,0.002487,4,0.0,256
6255142351,784,1.603797,684.955726,0.02499,0.02545,2,0.0,257
6258764604,175,7.448363,311.827977,0.0125,0.00795,4,0.0,258
6256046102,15,20.401792,,0.0625,0.0318,1,0.0,259
6255735278,3570,-2129.26827,,0.0625,0.1228,4,0.0,260
6260366665,174,9.975845,,0.006248,0.007179,2,0.0,261
6258583547,92,3.851505,411.565673,0.0125,0.0125,0,0.0,262
6255494079,1506,3.318758,,0.009369,0.0159,0,0.0,263
6252901355,701,-1528.71819,-1177.585878,0.03748,0.03119,0,0.0,264
6257701434,17,35.750613,-2838.979687,0.0625,0.1113,4,0.0,265
6255944502,68,1.969165,434.477401,0.0125,0.01682,0,0.0,266
6255636443,365,3.260633,-555.186746,0.02655,0.01865,4,0.0,267
6259341259,9,6.676209,79.728548,0.0625,0.0318,4,0.0,268
6258180503,712,39.203058,348.621232,0.02499,0.03339,4,0.0,269
6255127415,688,2.609436,,0.0125,0.0318,0,0.0,270
6256933788,16,2.561244,116.012258,0.009369,0.01111,0,0.0,271
6257435501,926,33.795564,,0.0625,0.03107,4,0.0,272
6257640183,512,166.425418,100.022394,0.0625,0.0318,0,0.0,273
6257748110,9,-4587.859671,,0.1875,0.09937,1,0.0,274
6256339481,173,38.481304,,0.0625,0.0159,4,0.0,275
6255510692,180,2.828905,237.306639,0.09998,0.02069,2,0.0,276
6257062609,69,2.606457,,0.009369,0.004044,0,0.0,277
6255080239,907,38.329926,2090.551646,0.0625,0.0318,1,0.0,278
6256266263,21,1.730491,461.254345,0.006248,0.001554,0,0.0,279
6255636443,1266,3.276619,-564.421351,0.02655,0.01865,4,0.0,280
6255110117,315,3.449227,72.229261,0.05634,0.007767,0,0.0,281
6258695096,56,-2360.022588,,0.06873,0.07959,9,0.0,282
6258482791,94,46.677084,-866.071129,0.0625,0.0636,4,0.0,283
6256002424,20,0.839514,,0.04999,0.006104,8,0.0,284
6257669344,2742,6.473519,,0.0,0.003109,0,0.0,285
6259562382,836,11.987263,89.290978,0.0625,0.0318,4,0.0,286
6254927814,5,1.497802,175.976693,0.0006247,0.005486,0,0.0,287
6256916605,281,2.972282,-1435.825199,0.0125,0.0318,0,0.0,288
6260342039,761,29.753327,-188.498825,0.0625,0.0318,4,0.0,289
6254869357,9680,26.08042,1174.511973,0.03748,0.03979,2,0.0,290
6259129026,847,50.252306,-72.396414,0.04376,0.007767,4,0.0,291
6255670767,0,24.879583,199.259227,0.06873,0.09546,8,0.0,292
6256799628,90,2.246047,114.679875,0.009369,0.00885,0,0.0,293
6257281867,21,3.602314,124.972019,0.009369,0.01874,0,0.0,294
6258519507,894,30.63178,-1001.281935,0.02499,0.02545,4,0.0,295
6260387260,378,13.572623,,0.006248,0.007767,2,0.0,296
6259180411,26,2.728504,,0.0625,0.0159,4,0.0,297
6255518147,792,3.343945,-893.13754,0.009369,0.0159,0,0.0,298
6260662213,978,38.225194,,0.0625,0.0318,4,0.0,299
